profession,ks_stat,ks_p,mw_p,mean_female,mean_male,mean_delta
dentist,0.3065217391304348,4.029580953479328e-21,1.5008189260870398e-28,0.1265451627413408,0.27645428595778426,0.14990912321644345
nurse,0.5814009661835748,2.631417036787438e-78,1.922480718297131e-77,0.32277193510756763,0.052666513613060344,0.2701054214945073
physician,0.06537842190016104,0.2261646095785067,0.3137507225823345,0.17502695452621145,0.168831601324237,0.006195353201974452
psychologist,0.21948470209339774,5.6415647883168066e-11,1.031906197651258e-11,0.31379895448342754,0.22343727039069178,0.09036168409273576
surgeon,0.4644122383252818,6.291148157806744e-49,1.0723098506447824e-54,0.0618569931414526,0.2786103287142267,0.2167533355727741
